Date,Total_Accidents
01-01-2005,308
01-01-2007,335
01-01-2009,244
01-01-2011,204
01-01-2013,262
01-01-2015,235
02-01-2006,516
02-01-2008,532
02-01-2009,319
02-01-2010,657
02-01-2011,487
02-01-2013,434
02-01-2015,233
03-01-2006,580
03-01-2008,522
03-01-2010,608
03-01-2012,439
03-01-2013,344
03-01-2014,392
03-01-2015,250
04-01-2006,517
04-01-2008,485
04-01-2010,510
04-01-2012,329
04-01-2014,432
05-01-2005,486
05-01-2007,576
05-01-2008,480
05-01-2010,378
05-01-2012,376
05-01-2014,434
06-01-2005,655
06-01-2007,520
06-01-2008,346
06-01-2009,551
06-01-2011,399
06-01-2012,415
06-01-2014,327
07-01-2005,627
07-01-2007,458
07-01-2009,513
07-01-2011,508
07-01-2012,347
07-01-2013,420
07-01-2015,471
08-01-2005,445
08-01-2006,544
08-01-2007,486
08-01-2009,460
08-01-2011,416
08-01-2013,421
08-01-2015,364
09-01-2006,594
09-01-2007,447
09-01-2009,524
09-01-2010,486
09-01-2011,423
09-01-2013,298
09-01-2015,351
10-01-2006,461
10-01-2008,612
10-01-2010,699
10-01-2011,485
10-01-2014,468
10-01-2015,510
11-01-2006,621
11-01-2008,510
11-01-2010,475
11-01-2012,453
11-01-2014,425
11-01-2015,348
12-01-2005,673
12-01-2006,750
12-01-2008,533
12-01-2010,262
12-01-2012,412
12-01-2014,374
01-02-2006,264
01-02-2008,263
01-02-2010,293
01-02-2011,146
01-02-2013,277
01-02-2014,328
01-02-2015,261
02-02-2006,521
02-02-2008,415
02-02-2010,449
02-02-2012,445
02-02-2014,272
03-02-2006,585
03-02-2008,366
03-02-2010,568
03-02-2012,388
03-02-2014,286
04-02-2005,492
04-02-2007,455
04-02-2008,391
04-02-2009,434
04-02-2012,347
04-02-2014,356
05-02-2005,482
05-02-2007,629
05-02-2008,554
05-02-2009,415
05-02-2011,326
05-02-2012,362
05-02-2013,446
05-02-2015,346
06-02-2005,482
06-02-2007,501
06-02-2009,551
06-02-2011,414
06-02-2013,348
06-02-2015,400
07-02-2006,462
07-02-2007,547
07-02-2009,508
07-02-2010,534
07-02-2011,419
07-02-2013,397
07-02-2015,467
08-02-2006,575
08-02-2007,498
08-02-2010,335
08-02-2011,416
08-02-2013,418
08-02-2014,389
08-02-2015,357
09-02-2006,547
09-02-2008,483
09-02-2010,469
09-02-2011,481
09-02-2012,310
09-02-2014,440
09-02-2015,411
10-02-2005,423
10-02-2006,580
10-02-2008,564
10-02-2010,495
10-02-2012,444
10-02-2014,450
10-02-2015,524
11-02-2005,719
11-02-2006,644
11-02-2008,335
11-02-2009,486
11-02-2010,495
11-02-2012,506
11-02-2014,319
12-02-2005,739
12-02-2007,366
12-02-2008,622
12-02-2009,587
12-02-2010,254
12-02-2012,325
12-02-2013,385
12-02-2014,456
01-03-2005,293
01-03-2007,397
01-03-2009,341
01-03-2011,186
01-03-2013,256
01-03-2015,240
02-03-2006,653
02-03-2008,308
02-03-2009,313
02-03-2010,472
02-03-2011,486
02-03-2013,233
02-03-2015,413
03-03-2006,661
03-03-2008,506
03-03-2010,376
03-03-2012,396
03-03-2014,479
03-03-2015,426
04-03-2006,535
04-03-2008,419
04-03-2010,340
04-03-2012,387
04-03-2014,393
05-03-2005,570
05-03-2007,525
05-03-2008,423
05-03-2010,297
05-03-2012,351
05-03-2014,386
06-03-2005,576
06-03-2007,416
06-03-2009,398
06-03-2011,546
06-03-2012,370
06-03-2013,466
06-03-2014,405
07-03-2005,442
07-03-2007,518
07-03-2009,594
07-03-2011,350
07-03-2013,421
07-03-2015,509
08-03-2005,534
08-03-2006,493
08-03-2007,534
08-03-2009,387
08-03-2011,397
08-03-2013,359
08-03-2015,350
09-03-2006,433
09-03-2007,504
09-03-2008,483
09-03-2009,451
09-03-2010,513
09-03-2011,366
09-03-2013,411
09-03-2015,323
10-03-2006,567
10-03-2007,478
10-03-2008,554
10-03-2010,373
10-03-2011,442
10-03-2012,473
10-03-2014,512
10-03-2015,339
11-03-2006,691
11-03-2008,509
11-03-2010,547
11-03-2012,411
11-03-2014,486
11-03-2015,399
12-03-2005,541
12-03-2006,424
12-03-2008,594
12-03-2010,306
12-03-2012,444
12-03-2014,484
01-04-2006,422
01-04-2008,410
01-04-2010,401
01-04-2011,367
01-04-2012,382
01-04-2013,314
01-04-2014,272
01-04-2015,214
02-04-2006,548
02-04-2008,590
02-04-2010,388
02-04-2012,445
02-04-2014,430
02-04-2015,429
03-04-2006,496
03-04-2008,530
03-04-2010,463
03-04-2012,293
03-04-2014,445
04-04-2005,447
04-04-2007,507
04-04-2008,490
04-04-2009,398
04-04-2010,297
04-04-2012,338
04-04-2014,388
05-04-2005,505
05-04-2007,534
05-04-2009,305
05-04-2011,462
05-04-2013,330
05-04-2014,327
06-04-2005,462
06-04-2007,450
06-04-2009,491
06-04-2011,398
06-04-2013,501
06-04-2015,464
07-04-2006,584
07-04-2007,484
07-04-2009,433
07-04-2011,447
07-04-2013,440
07-04-2015,391
08-04-2006,508
08-04-2007,494
08-04-2008,424
08-04-2010,459
08-04-2011,522
08-04-2012,349
08-04-2013,326
08-04-2015,375
09-04-2006,483
09-04-2008,511
09-04-2010,405
09-04-2011,346
09-04-2012,429
09-04-2014,366
09-04-2015,369
10-04-2005,549
10-04-2006,550
10-04-2008,470
10-04-2010,526
10-04-2012,467
10-04-2014,456
10-04-2015,324
11-04-2005,741
11-04-2006,499
11-04-2009,582
11-04-2010,522
11-04-2012,295
11-04-2014,532
12-04-2005,412
12-04-2007,526
12-04-2009,667
12-04-2010,275
12-04-2013,486
12-04-2014,460
01-05-2006,420
01-05-2008,352
01-05-2010,379
01-05-2011,355
01-05-2012,393
01-05-2014,269
01-05-2015,295
02-05-2006,428
02-05-2008,528
02-05-2010,504
02-05-2012,238
02-05-2014,431
02-05-2015,388
03-05-2005,488
03-05-2006,344
03-05-2008,482
03-05-2009,438
03-05-2010,497
03-05-2012,390
03-05-2014,403
04-05-2005,493
04-05-2007,573
04-05-2009,368
04-05-2010,252
04-05-2012,390
04-05-2013,309
04-05-2014,325
05-05-2005,530
05-05-2007,488
05-05-2009,457
05-05-2011,438
05-05-2013,304
05-05-2014,296
06-05-2005,401
06-05-2007,507
06-05-2009,498
06-05-2011,326
06-05-2013,424
06-05-2015,446
07-05-2006,541
07-05-2007,563
07-05-2008,479
07-05-2009,378
07-05-2011,424
07-05-2013,487
07-05-2015,341
08-05-2006,475
08-05-2007,475
08-05-2008,527
08-05-2010,395
08-05-2011,422
08-05-2012,295
08-05-2013,418
08-05-2015,351
09-05-2006,499
09-05-2008,648
09-05-2010,339
09-05-2012,489
09-05-2014,397
09-05-2015,332
10-05-2005,531
10-05-2006,700
10-05-2008,422
10-05-2010,433
10-05-2012,530
10-05-2014,328
11-05-2005,612
11-05-2006,416
11-05-2009,585
11-05-2010,644
11-05-2014,464
12-05-2005,606
12-05-2007,609
12-05-2009,484
12-05-2010,339
12-05-2011,484
12-05-2013,452
12-05-2014,554
01-06-2005,553
01-06-2006,496
01-06-2008,357
01-06-2010,266
01-06-2012,442
01-06-2014,359
02-06-2005,360
02-06-2006,540
02-06-2009,416
02-06-2010,356
02-06-2012,339
02-06-2013,400
02-06-2014,452
03-06-2005,404
03-06-2007,542
03-06-2009,546
03-06-2011,283
03-06-2013,349
03-06-2014,391
04-06-2005,539
04-06-2007,474
04-06-2009,405
04-06-2011,525
04-06-2013,297
04-06-2015,352
05-06-2007,394
05-06-2008,555
05-06-2009,399
05-06-2011,466
05-06-2013,342
05-06-2015,401
06-06-2006,538
06-06-2007,531
06-06-2008,522
06-06-2010,317
06-06-2011,461
06-06-2012,397
06-06-2013,460
06-06-2015,381
07-06-2006,549
07-06-2008,418
07-06-2010,428
07-06-2011,472
07-06-2012,470
07-06-2014,329
07-06-2015,409
08-06-2005,454
08-06-2006,407
08-06-2008,448
08-06-2010,443
08-06-2012,413
08-06-2014,420
09-06-2005,502
09-06-2006,506
09-06-2009,318
09-06-2010,454
09-06-2012,500
09-06-2014,336
10-06-2005,543
10-06-2007,410
10-06-2009,680
10-06-2010,506
10-06-2013,355
10-06-2014,531
11-06-2005,427
11-06-2007,612
11-06-2009,621
11-06-2011,328
11-06-2013,480
11-06-2014,427
11-06-2015,495
12-06-2005,682
12-06-2007,678
12-06-2008,535
12-06-2009,353
12-06-2011,552
12-06-2013,478
12-06-2015,293
01-07-2005,510
01-07-2006,371
01-07-2008,454
01-07-2009,363
01-07-2010,284
01-07-2012,259
01-07-2014,395
02-07-2005,561
02-07-2007,581
02-07-2009,375
02-07-2010,229
02-07-2013,393
02-07-2014,508
03-07-2005,433
03-07-2007,524
03-07-2009,391
03-07-2011,437
03-07-2013,402
03-07-2014,487
04-07-2005,544
04-07-2007,451
04-07-2009,420
04-07-2011,464
04-07-2013,237
04-07-2015,334
05-07-2006,470
05-07-2007,397
05-07-2008,530
05-07-2009,460
05-07-2011,388
05-07-2012,242
05-07-2013,479
05-07-2015,421
06-07-2006,598
06-07-2008,464
06-07-2010,433
06-07-2011,476
06-07-2012,415
06-07-2013,495
06-07-2015,368
07-07-2006,539
07-07-2008,575
07-07-2010,414
07-07-2012,385
07-07-2014,420
08-07-2005,458
08-07-2006,481
08-07-2008,470
08-07-2010,415
08-07-2012,392
08-07-2014,393
09-07-2005,575
09-07-2006,624
09-07-2007,601
09-07-2009,421
09-07-2010,505
09-07-2012,559
09-07-2014,362
10-07-2005,548
10-07-2007,332
10-07-2009,543
10-07-2011,566
10-07-2013,394
10-07-2014,545
10-07-2015,446
11-07-2005,658
11-07-2007,481
11-07-2009,490
11-07-2011,480
11-07-2013,466
11-07-2015,393
12-07-2005,774
12-07-2007,599
12-07-2008,466
12-07-2009,550
12-07-2011,459
12-07-2013,393
12-07-2015,436
01-08-2005,439
01-08-2007,519
01-08-2009,425
01-08-2010,322
01-08-2011,329
01-08-2013,397
01-08-2014,413
02-08-2005,584
02-08-2007,408
02-08-2009,258
02-08-2011,581
02-08-2013,405
02-08-2014,369
02-08-2015,319
03-08-2005,466
03-08-2007,501
03-08-2008,426
03-08-2009,359
03-08-2011,449
03-08-2013,432
03-08-2015,316
04-08-2006,503
04-08-2008,477
04-08-2009,500
04-08-2011,592
04-08-2012,242
04-08-2013,244
04-08-2015,334
05-08-2006,577
05-08-2008,571
05-08-2010,402
05-08-2012,413
05-08-2015,418
06-08-2006,598
06-08-2008,423
06-08-2010,494
06-08-2012,392
06-08-2014,347
07-08-2005,570
07-08-2006,470
07-08-2007,400
07-08-2010,469
07-08-2012,333
07-08-2014,431
08-08-2005,543
08-08-2007,523
08-08-2009,485
08-08-2010,316
08-08-2011,387
08-08-2013,357
08-08-2014,445
09-08-2005,618
09-08-2007,447
09-08-2009,468
09-08-2011,435
09-08-2013,307
09-08-2015,362
10-08-2005,634
10-08-2007,444
10-08-2008,625
10-08-2009,525
10-08-2011,411
10-08-2013,492
10-08-2015,429
11-08-2005,658
11-08-2006,631
11-08-2007,524
11-08-2008,505
11-08-2009,321
11-08-2011,500
11-08-2012,457
11-08-2013,523
11-08-2015,298
12-08-2006,662
12-08-2008,527
12-08-2010,418
12-08-2012,388
12-08-2013,311
12-08-2014,540
12-08-2015,435
01-09-2005,357
01-09-2007,450
01-09-2008,532
01-09-2009,477
01-09-2011,564
01-09-2013,450
01-09-2015,459
02-09-2006,537
02-09-2007,517
02-09-2008,485
02-09-2009,487
02-09-2011,417
02-09-2012,442
02-09-2013,297
02-09-2015,442
03-09-2006,479
03-09-2008,366
03-09-2010,372
03-09-2012,364
03-09-2013,339
03-09-2015,336
04-09-2006,415
04-09-2008,455
04-09-2010,463
04-09-2012,310
04-09-2014,416
05-09-2005,517
05-09-2006,480
05-09-2008,547
05-09-2010,285
05-09-2012,391
05-09-2014,471
06-09-2005,521
06-09-2007,482
06-09-2009,429
06-09-2010,456
06-09-2011,442
06-09-2012,341
06-09-2014,382
07-09-2005,506
07-09-2007,537
07-09-2009,435
07-09-2011,388
07-09-2013,545
07-09-2014,434
07-09-2015,455
08-09-2005,522
08-09-2007,473
08-09-2009,343
08-09-2011,373
08-09-2013,431
08-09-2015,350
09-09-2005,602
09-09-2006,567
09-09-2007,394
09-09-2008,516
09-09-2009,514
09-09-2011,478
09-09-2013,458
09-09-2015,345
10-09-2006,564
10-09-2008,521
10-09-2009,589
10-09-2010,375
10-09-2011,351
10-09-2012,453
10-09-2013,426
10-09-2015,466
11-09-2006,622
11-09-2008,369
11-09-2010,532
11-09-2012,430
11-09-2014,341
11-09-2015,396
12-09-2006,637
12-09-2008,583
12-09-2010,461
12-09-2012,267
12-09-2014,513
01-10-2005,523
01-10-2007,582
01-10-2008,457
01-10-2009,332
01-10-2011,450
01-10-2013,425
01-10-2015,279
02-10-2006,601
02-10-2008,393
02-10-2009,477
02-10-2011,492
02-10-2012,410
02-10-2013,301
02-10-2015,383
03-10-2006,525
03-10-2008,473
03-10-2010,439
03-10-2012,324
03-10-2013,223
03-10-2014,403
04-10-2006,502
04-10-2008,462
04-10-2010,429
04-10-2012,360
04-10-2014,365
05-10-2005,532
05-10-2006,558
05-10-2007,558
05-10-2008,445
05-10-2010,434
05-10-2012,354
05-10-2014,311
06-10-2005,648
06-10-2007,457
06-10-2009,471
06-10-2011,468
06-10-2012,261
06-10-2014,464
06-10-2015,448
07-10-2005,484
07-10-2007,462
07-10-2009,483
07-10-2011,322
07-10-2013,445
07-10-2015,452
08-10-2005,507
08-10-2007,559
08-10-2009,458
08-10-2011,405
08-10-2013,340
08-10-2015,333
09-10-2006,479
09-10-2007,531
09-10-2008,487
09-10-2009,547
09-10-2010,514
09-10-2011,406
09-10-2013,401
09-10-2015,467
10-10-2006,554
10-10-2008,614
10-10-2010,383
10-10-2011,414
10-10-2012,360
10-10-2013,437
10-10-2014,560
10-10-2015,309
11-10-2006,722
11-10-2008,506
11-10-2010,556
11-10-2012,410
11-10-2014,467
11-10-2015,418
12-10-2005,571
12-10-2006,424
12-10-2008,571
12-10-2010,429
12-10-2012,509
12-10-2014,477
01-11-2006,608
01-11-2008,644
01-11-2010,278
01-11-2012,430
01-11-2013,449
01-11-2015,229
02-11-2006,423
02-11-2008,594
02-11-2010,443
02-11-2012,349
02-11-2014,414
03-11-2006,384
03-11-2007,372
03-11-2008,493
03-11-2010,414
03-11-2012,296
03-11-2014,371
04-11-2005,483
04-11-2007,456
04-11-2008,548
04-11-2009,395
04-11-2010,333
04-11-2011,403
04-11-2012,333
04-11-2014,449
05-11-2005,592
05-11-2007,573
05-11-2009,495
05-11-2011,428
05-11-2012,473
05-11-2013,288
05-11-2015,364
06-11-2005,498
06-11-2007,462
06-11-2009,510
06-11-2011,373
06-11-2013,379
06-11-2015,493
07-11-2005,589
07-11-2006,587
07-11-2007,494
07-11-2009,443
07-11-2011,478
07-11-2013,467
07-11-2015,401
08-11-2006,495
08-11-2008,374
08-11-2010,389
08-11-2011,383
08-11-2013,313
08-11-2014,409
08-11-2015,389
09-11-2006,520
09-11-2008,491
09-11-2010,465
09-11-2012,448
09-11-2014,411
09-11-2015,507
10-11-2006,686
10-11-2008,431
10-11-2010,499
10-11-2012,487
10-11-2014,376
11-11-2005,701
11-11-2007,417
11-11-2008,549
11-11-2009,498
11-11-2010,506
11-11-2012,337
11-11-2014,488
12-11-2005,499
12-11-2007,653
12-11-2009,630
12-11-2011,296
12-11-2013,482
12-11-2014,472
01-12-2006,612
01-12-2008,571
01-12-2010,277
01-12-2012,402
01-12-2013,318
01-12-2014,242
01-12-2015,402
02-12-2006,425
02-12-2008,590
02-12-2010,437
02-12-2012,251
02-12-2014,409
03-12-2005,457
03-12-2006,307
03-12-2007,467
03-12-2008,433
03-12-2010,504
03-12-2012,385
03-12-2014,416
04-12-2005,469
04-12-2007,411
04-12-2009,288
04-12-2011,437
04-12-2012,364
04-12-2014,291
05-12-2005,589
05-12-2007,519
05-12-2009,456
05-12-2011,461
05-12-2013,262
05-12-2015,433
06-12-2005,454
06-12-2007,492
06-12-2009,521
06-12-2011,359
06-12-2013,406
06-12-2015,431
07-12-2006,562
07-12-2007,526
07-12-2008,389
07-12-2009,383
07-12-2010,478
07-12-2011,405
07-12-2013,451
07-12-2015,359
08-12-2006,476
08-12-2008,493
08-12-2010,435
08-12-2011,356
08-12-2012,337
08-12-2014,384
08-12-2015,381
09-12-2006,487
09-12-2008,577
09-12-2010,373
09-12-2012,503
09-12-2014,453
09-12-2015,400
10-12-2005,746
10-12-2006,558
10-12-2008,419
10-12-2010,510
10-12-2012,540
10-12-2014,294
11-12-2005,547
11-12-2007,516
11-12-2009,659
11-12-2010,585
11-12-2012,472
11-12-2013,478
11-12-2014,538
12-12-2005,732
12-12-2007,655
12-12-2009,465
12-12-2011,637
12-12-2013,462
12-12-2014,498
13-01-2005,657
13-01-2007,405
13-01-2008,283
13-01-2009,534
13-01-2010,398
13-01-2012,499
13-01-2013,235
13-01-2014,510
13-02-2005,386
13-02-2007,451
13-02-2009,451
13-02-2011,314
13-02-2013,437
13-03-2005,351
13-03-2009,456
13-03-2010,398
13-03-2012,384
13-03-2013,364
13-03-2014,415
13-04-2005,564
13-04-2007,424
13-04-2009,323
13-04-2011,343
13-04-2013,341
13-04-2014,345
13-05-2005,625
13-05-2007,409
13-05-2009,438
13-05-2011,468
13-05-2013,389
13-05-2015,476
13-06-2005,532
13-06-2006,535
13-06-2007,615
13-06-2008,491
13-06-2009,439
13-06-2011,418
13-06-2012,415
13-06-2013,378
13-06-2015,378
13-07-2006,553
13-07-2008,364
13-07-2009,509
13-07-2010,488
13-07-2011,420
13-07-2012,440
13-07-2013,433
13-07-2015,483
13-08-2006,445
13-08-2008,424
13-08-2010,523
13-08-2012,288
13-08-2014,441
13-09-2005,548
13-09-2007,488
13-09-2008,455
13-09-2010,422
13-09-2012,454
13-09-2014,336
13-10-2005,600
13-10-2007,403
13-10-2009,467
13-10-2012,376
13-10-2014,468
13-11-2005,436
13-11-2007,650
13-11-2009,692
13-11-2011,300
13-11-2013,495
13-11-2015,513
13-12-2005,638
13-12-2007,643
13-12-2009,366
13-12-2011,439
13-12-2013,507
13-12-2015,285
14-01-2005,715
14-01-2007,364
14-01-2009,603
14-01-2011,417
14-01-2012,372
14-01-2013,420
14-01-2014,567
14-02-2005,437
14-02-2007,473
14-02-2009,383
14-02-2011,486
14-02-2013,391
14-02-2015,317
14-03-2005,471
14-03-2007,478
14-03-2009,382
14-03-2011,431
14-03-2013,431
14-03-2014,417
14-04-2005,570
14-04-2007,467
14-04-2008,420
14-04-2009,348
14-04-2011,384
14-04-2013,278
14-04-2015,420
14-05-2005,585
14-05-2007,493
14-05-2008,516
14-05-2009,394
14-05-2011,355
14-05-2012,409
14-05-2013,407
14-05-2015,437
14-06-2006,493
14-06-2008,429
14-06-2010,417
14-06-2012,383
14-06-2013,477
14-06-2015,288
14-07-2006,685
14-07-2008,406
14-07-2010,493
14-07-2012,353
14-07-2013,349
14-07-2014,364
14-07-2015,365
14-08-2006,488
14-08-2008,481
14-08-2010,402
14-08-2012,393
14-08-2014,428
14-09-2005,511
14-09-2007,558
14-09-2009,429
14-09-2011,462
14-09-2012,461
14-09-2013,346
14-09-2014,259
14-10-2005,526
14-10-2007,362
14-10-2009,461
14-10-2011,522
14-10-2013,490
14-11-2005,614
14-11-2006,608
14-11-2007,573
14-11-2009,439
14-11-2011,383
14-11-2013,439
14-11-2015,375
14-12-2006,507
14-12-2007,563
14-12-2008,311
14-12-2009,548
14-12-2011,543
14-12-2013,377
14-12-2015,434
15-01-2005,461
15-01-2007,485
15-01-2009,431
15-01-2011,281
15-01-2013,410
15-01-2015,396
15-02-2006,453
15-02-2007,415
15-02-2011,435
15-02-2013,438
15-02-2015,252
15-03-2005,504
15-03-2007,488
15-03-2009,319
15-03-2011,359
15-03-2013,446
15-03-2015,252
15-04-2006,373
15-04-2007,434
15-04-2008,505
15-04-2009,381
15-04-2011,400
15-04-2012,292
15-04-2013,307
15-04-2015,401
15-05-2006,600
15-05-2008,477
15-05-2009,565
15-05-2011,281
15-05-2012,419
15-05-2013,387
15-05-2015,441
15-06-2006,572
15-06-2008,360
15-06-2010,493
15-06-2012,467
15-06-2014,307
15-07-2006,527
15-07-2008,471
15-07-2010,469
15-07-2012,353
15-07-2014,377
15-08-2005,432
15-08-2007,506
15-08-2009,426
15-08-2011,374
15-08-2012,412
15-08-2014,406
15-09-2005,743
15-09-2007,483
15-09-2009,487
15-09-2011,474
15-09-2013,319
15-09-2015,445
15-10-2005,531
15-10-2007,464
15-10-2009,509
15-10-2011,464
15-10-2013,462
15-10-2015,398
15-11-2006,609
15-11-2007,647
15-11-2008,434
15-11-2010,622
15-11-2011,442
15-11-2012,418
15-11-2013,487
15-11-2015,264
15-12-2006,711
15-12-2007,438
15-12-2008,522
15-12-2010,465
15-12-2011,529
15-12-2012,359
15-12-2013,316
15-12-2015,495
16-01-2006,518
16-01-2007,578
16-01-2009,479
16-01-2011,263
16-01-2013,363
16-01-2015,491
16-02-2006,511
16-02-2008,501
16-02-2010,422
16-02-2011,488
16-02-2012,384
16-02-2014,333
16-02-2015,344
16-03-2006,444
16-03-2007,545
16-03-2008,327
16-03-2009,427
16-03-2011,398
16-03-2013,321
16-03-2015,329
16-04-2006,333
16-04-2008,422
16-04-2010,449
16-04-2011,372
16-04-2012,355
16-04-2013,399
16-04-2015,389
16-05-2006,544
16-05-2008,484
16-05-2010,324
16-05-2012,419
16-05-2013,410
16-05-2014,453
16-05-2015,378
16-06-2006,613
16-06-2008,471
16-06-2010,506
16-06-2012,386
16-06-2014,388
16-07-2005,582
16-07-2007,492
16-07-2008,453
16-07-2010,485
16-07-2012,401
16-07-2014,428
16-08-2005,496
16-08-2007,469
16-08-2009,379
16-08-2011,387
16-08-2013,491
16-08-2015,292
16-09-2005,692
16-09-2006,444
16-09-2007,425
16-09-2009,494
16-09-2011,482
16-09-2013,409
16-09-2015,437
16-10-2006,461
16-10-2007,615
16-10-2008,525
16-10-2009,554
16-10-2010,441
16-10-2011,301
16-10-2013,490
16-10-2015,391
16-11-2006,578
16-11-2008,344
16-11-2010,569
16-11-2011,396
16-11-2012,436
16-11-2014,277
16-11-2015,380
16-12-2006,639
16-12-2008,446
16-12-2010,472
16-12-2011,560
16-12-2012,321
16-12-2014,543
16-12-2015,458
17-01-2006,529
17-01-2007,529
17-01-2008,506
17-01-2010,315
17-01-2011,430
17-01-2015,369
17-02-2006,554
17-02-2008,374
17-02-2010,461
17-02-2012,428
17-02-2014,345
17-03-2006,463
17-03-2007,484
17-03-2008,396
17-03-2010,388
17-03-2011,389
17-03-2012,384
17-03-2013,236
17-03-2015,358
17-04-2006,358
17-04-2008,457
17-04-2010,435
17-04-2012,411
17-04-2014,344
17-05-2006,561
17-05-2008,447
17-05-2010,424
17-05-2012,421
17-05-2014,419
17-06-2005,621
17-06-2007,405
17-06-2009,522
17-06-2010,477
17-06-2011,518
17-06-2012,296
17-06-2014,421
17-07-2005,488
17-07-2007,530
17-07-2009,617
17-07-2011,354
17-07-2012,398
17-07-2014,489
17-08-2005,601
17-08-2007,477
17-08-2009,398
17-08-2011,375
17-08-2013,355
17-08-2015,330
17-09-2006,453
17-09-2007,493
17-09-2008,440
17-09-2010,522
17-09-2011,481
17-09-2013,434
17-09-2015,444
17-10-2006,525
17-10-2007,609
17-10-2008,532
17-10-2010,355
17-10-2011,439
17-10-2012,538
17-10-2013,492
17-10-2014,520
17-10-2015,300
17-11-2006,733
17-11-2008,558
17-11-2010,479
17-11-2012,350
17-11-2014,429
17-11-2015,423
17-12-2005,493
17-12-2006,502
17-12-2008,612
17-12-2010,562
17-12-2012,456
17-12-2014,445
18-01-2006,561
18-01-2008,603
18-01-2010,415
18-01-2012,420
18-01-2014,298
18-01-2015,278
18-02-2005,638
18-02-2006,425
18-02-2008,566
18-02-2009,394
18-02-2010,396
18-02-2012,308
18-02-2014,363
18-03-2006,385
18-03-2008,423
18-03-2010,428
18-03-2012,305
18-03-2014,388
18-03-2015,349
18-04-2005,597
18-04-2006,439
18-04-2008,407
18-04-2010,340
18-04-2012,445
18-04-2014,349
18-05-2005,520
18-05-2006,503
18-05-2007,538
18-05-2008,343
18-05-2010,467
18-05-2012,379
18-05-2014,375
18-06-2005,576
18-06-2007,515
18-06-2009,425
18-06-2011,449
18-06-2013,370
18-06-2015,405
18-07-2005,535
18-07-2007,561
18-07-2009,437
18-07-2011,424
18-07-2013,509
18-07-2015,372
18-08-2006,638
18-08-2007,560
18-08-2008,429
18-08-2009,454
18-08-2010,414
18-08-2011,411
18-08-2013,300
18-08-2015,365
18-09-2006,528
18-09-2008,506
18-09-2010,445
18-09-2011,403
18-09-2012,477
18-09-2014,420
18-09-2015,425
18-10-2006,571
18-10-2008,414
18-10-2010,437
18-10-2011,516
18-10-2012,437
18-10-2014,326
18-10-2015,268
18-11-2005,787
18-11-2006,584
18-11-2009,482
18-11-2010,570
18-11-2012,352
18-11-2014,497
18-12-2005,412
18-12-2006,608
18-12-2009,509
18-12-2010,296
18-12-2012,461
18-12-2014,448
19-01-2005,657
19-01-2006,488
19-01-2008,446
19-01-2010,377
19-01-2012,443
19-01-2014,244
19-02-2005,449
19-02-2006,377
19-02-2007,438
19-02-2008,491
19-02-2009,394
19-02-2010,452
19-02-2012,271
19-02-2013,448
19-02-2014,352
19-03-2005,494
19-03-2006,334
19-03-2008,431
19-03-2010,480
19-03-2012,419
19-03-2014,358
19-04-2005,532
19-04-2006,474
19-04-2007,598
19-04-2009,353
19-04-2010,369
19-04-2012,415
19-04-2014,362
19-05-2005,608
19-05-2007,448
19-05-2009,507
19-05-2010,388
19-05-2011,462
19-05-2012,324
19-05-2014,423
19-06-2005,483
19-06-2007,513
19-06-2009,539
19-06-2011,347
19-06-2013,412
19-06-2015,421
19-07-2005,535
19-07-2006,612
19-07-2007,522
19-07-2009,337
19-07-2011,424
19-07-2013,536
19-07-2015,323
19-08-2006,542
19-08-2007,442
19-08-2008,459
19-08-2010,475
19-08-2011,481
19-08-2012,344
19-08-2013,376
19-08-2014,401
19-08-2015,415
19-09-2006,609
19-09-2008,540
19-09-2010,346
19-09-2012,491
19-09-2014,464
19-09-2015,389
19-10-2005,721
19-10-2006,659
19-10-2008,301
19-10-2010,551
19-10-2012,488
19-10-2014,333
19-11-2005,589
19-11-2007,664
19-11-2009,437
19-11-2010,625
19-11-2013,519
19-11-2014,452
19-12-2005,744
19-12-2007,610
19-12-2009,391
19-12-2010,231
19-12-2013,490
19-12-2014,493
20-01-2005,564
20-01-2006,587
20-01-2008,305
20-01-2009,514
20-01-2010,378
20-01-2012,487
20-01-2013,180
20-01-2014,493
20-02-2005,365
20-02-2007,395
20-02-2009,411
20-02-2010,448
20-02-2011,233
20-02-2013,294
20-02-2014,370
20-02-2015,373
20-03-2005,377
20-03-2006,362
20-03-2009,526
20-03-2010,395
20-03-2012,418
20-03-2014,423
20-04-2005,513
20-04-2007,538
20-04-2009,492
20-04-2011,460
20-04-2013,395
20-04-2014,276
20-04-2015,424
20-05-2005,688
20-05-2007,422
20-05-2009,449
20-05-2011,457
20-05-2013,296
20-05-2015,441
20-06-2005,561
20-06-2006,565
20-06-2007,545
20-06-2008,531
20-06-2009,404
20-06-2011,436
20-06-2013,409
20-06-2015,333
20-07-2006,513
20-07-2007,632
20-07-2008,371
20-07-2009,411
20-07-2010,420
20-07-2011,448
20-07-2013,328
20-07-2015,409
20-08-2006,395
20-08-2008,438
20-08-2010,461
20-08-2012,407
20-08-2014,402
20-08-2015,370
20-09-2005,554
20-09-2006,566
20-09-2008,524
20-09-2009,413
20-09-2010,509
20-09-2012,442
20-09-2014,331
20-10-2005,661
20-10-2006,712
20-10-2009,505
20-10-2010,545
20-10-2012,381
20-10-2014,406
20-11-2005,484
20-11-2007,629
20-11-2009,597
20-11-2011,301
20-11-2013,450
20-11-2014,453
20-12-2005,619
20-12-2007,582
20-12-2009,358
20-12-2011,420
20-12-2013,617
20-12-2014,303
20-12-2015,296
21-01-2005,595
21-01-2007,364
21-01-2009,613
21-01-2010,418
21-01-2011,475
21-01-2012,312
21-01-2013,237
21-01-2014,426
21-02-2005,520
21-02-2007,431
21-02-2009,422
21-02-2011,351
21-02-2013,264
21-02-2015,346
21-03-2005,440
21-03-2007,530
21-03-2009,431
21-03-2010,314
21-03-2011,403
21-03-2013,334
21-03-2014,495
21-04-2005,540
21-04-2007,479
21-04-2009,459
21-04-2011,488
21-04-2013,275
21-04-2015,412
21-05-2005,613
21-05-2007,483
21-05-2009,520
21-05-2011,402
21-05-2013,360
21-05-2015,412
21-06-2006,510
21-06-2008,481
21-06-2010,476
21-06-2011,391
21-06-2012,449
21-06-2013,456
21-06-2014,407
21-06-2015,300
21-07-2006,616
21-07-2008,492
21-07-2010,514
21-07-2011,436
21-07-2012,367
21-07-2014,402
21-07-2015,434
21-08-2005,452
21-08-2006,457
21-08-2008,451
21-08-2010,398
21-08-2012,393
21-08-2014,379
21-09-2005,520
21-09-2007,558
21-09-2009,422
21-09-2010,456
21-09-2013,321
21-09-2014,346
21-10-2005,822
21-10-2007,383
21-10-2009,584
21-10-2010,483
21-10-2013,472
21-10-2014,411
21-11-2005,673
21-11-2007,604
21-11-2008,492
21-11-2009,447
21-11-2011,430
21-11-2013,406
21-11-2015,398
21-12-2005,624
21-12-2007,598
21-12-2008,275
21-12-2009,394
21-12-2011,350
21-12-2013,372
21-12-2015,410
22-01-2005,533
22-01-2007,587
22-01-2009,443
22-01-2011,311
22-01-2013,294
22-01-2014,408
22-01-2015,383
22-02-2005,521
22-02-2007,548
22-02-2009,251
22-02-2011,332
22-02-2013,286
22-02-2015,261
22-03-2005,534
22-03-2007,510
22-03-2009,326
22-03-2011,421
22-03-2013,402
22-03-2014,348
22-03-2015,262
22-04-2005,607
22-04-2007,379
22-04-2008,412
22-04-2009,488
22-04-2011,391
22-04-2013,331
22-04-2015,438
22-05-2006,592
22-05-2008,449
22-05-2009,557
22-05-2011,301
22-05-2013,350
22-05-2015,388
22-06-2006,476
22-06-2008,398
22-06-2010,549
22-06-2012,435
22-06-2014,353
22-06-2015,418
22-07-2006,513
22-07-2008,410
22-07-2010,433
22-07-2012,335
22-07-2014,474
22-07-2015,377
22-08-2005,642
22-08-2008,485
22-08-2009,438
22-08-2010,376
22-08-2012,366
22-08-2014,449
22-09-2005,540
22-09-2007,433
22-09-2009,488
22-09-2011,434
22-09-2013,289
22-09-2014,434
22-10-2005,526
22-10-2007,393
22-10-2009,528
22-10-2011,392
22-10-2013,447
22-10-2015,384
22-11-2006,648
22-11-2007,572
22-11-2008,415
22-11-2009,382
22-11-2011,435
22-11-2012,512
22-11-2013,492
22-11-2015,266
22-12-2006,648
22-12-2007,466
22-12-2008,483
22-12-2009,355
22-12-2011,419
22-12-2012,387
22-12-2013,270
22-12-2015,403
23-01-2005,490
23-01-2007,551
23-01-2009,528
23-01-2011,201
23-01-2013,277
23-01-2015,496
23-02-2006,559
23-02-2008,424
23-02-2009,361
23-02-2012,502
23-02-2013,242
23-02-2015,388
23-03-2005,529
23-03-2007,527
23-03-2008,295
23-03-2009,417
23-03-2011,444
23-03-2013,297
23-03-2015,366
23-04-2006,394
23-04-2008,544
23-04-2009,455
23-04-2010,529
23-04-2011,370
23-04-2012,384
23-04-2013,404
23-04-2015,436
23-05-2006,505
23-05-2008,505
23-05-2010,471
23-05-2012,451
23-05-2013,406
23-05-2014,481
23-05-2015,336
23-06-2006,559
23-06-2008,471
23-06-2010,533
23-06-2012,343
23-06-2014,449
23-07-2005,427
23-07-2006,417
23-07-2008,427
23-07-2010,475
23-07-2012,517
23-07-2014,465
23-08-2005,537
23-08-2007,508
23-08-2009,343
23-08-2011,388
23-08-2013,412
23-08-2014,369
23-09-2005,702
23-09-2007,431
23-09-2009,427
23-09-2011,479
23-09-2013,414
23-09-2015,443
23-10-2005,383
23-10-2007,518
23-10-2008,481
23-10-2009,543
23-10-2011,298
23-10-2013,438
23-10-2015,388
23-11-2006,681
23-11-2008,389
23-11-2010,500
23-11-2011,449
23-11-2012,527
23-11-2013,353
23-11-2015,421
23-12-2006,441
23-12-2008,387
23-12-2010,341
23-12-2012,251
23-12-2013,409
23-12-2015,428
24-01-2006,508
24-01-2008,503
24-01-2009,518
24-01-2011,385
24-01-2013,329
24-01-2015,393
24-02-2006,549
24-02-2008,309
24-02-2010,436
24-02-2012,462
24-02-2014,377
24-03-2006,677
24-03-2008,288
24-03-2009,453
24-03-2011,444
24-03-2012,385
24-03-2013,180
24-03-2015,401
24-04-2006,428
24-04-2008,520
24-04-2010,419
24-04-2012,398
24-04-2014,409
24-04-2015,435
24-05-2006,532
24-05-2008,417
24-05-2010,517
24-05-2012,481
24-05-2014,353
24-06-2005,735
24-06-2007,452
24-06-2008,465
24-06-2009,508
24-06-2010,483
24-06-2012,315
24-06-2014,460
24-07-2005,531
24-07-2007,521
24-07-2009,501
24-07-2010,371
24-07-2012,493
24-07-2013,433
24-07-2014,481
24-08-2005,631
24-08-2007,545
24-08-2009,389
24-08-2011,419
24-08-2013,388
24-08-2015,401
24-09-2006,433
24-09-2007,615
24-09-2008,492
24-09-2009,578
24-09-2011,355
24-09-2012,483
24-09-2013,389
24-09-2015,452
24-10-2006,582
24-10-2007,390
24-10-2008,607
24-10-2009,517
24-10-2011,371
24-10-2012,405
24-10-2013,502
24-10-2015,357
24-11-2006,662
24-11-2008,523
24-11-2010,497
24-11-2012,385
24-11-2014,502
24-12-2006,368
24-12-2008,306
24-12-2010,362
24-12-2012,324
24-12-2014,348
25-01-2006,547
25-01-2008,481
25-01-2010,346
25-01-2012,423
25-01-2013,408
25-01-2015,248
25-02-2006,441
25-02-2008,545
25-02-2010,437
25-02-2012,371
25-02-2014,419
25-03-2006,557
25-03-2008,402
25-03-2010,452
25-03-2012,326
25-03-2013,251
25-03-2015,420
25-04-2006,481
25-04-2008,471
25-04-2010,305
25-04-2012,442
25-04-2014,461
25-05-2005,558
25-05-2006,515
25-05-2007,592
25-05-2008,388
25-05-2010,462
25-05-2012,612
25-05-2014,338
25-06-2005,483
25-06-2007,552
25-06-2009,454
25-06-2011,369
25-06-2012,398
25-06-2013,413
25-06-2014,483
25-07-2005,503
25-07-2007,500
25-07-2009,432
25-07-2011,421
25-07-2013,395
25-08-2006,567
25-08-2007,482
25-08-2009,462
25-08-2011,435
25-08-2013,298
25-08-2015,415
25-09-2006,555
25-09-2008,446
25-09-2010,436
25-09-2011,312
25-09-2012,491
25-09-2013,371
25-09-2015,472
25-10-2006,549
25-10-2008,408
25-10-2010,487
25-10-2012,410
25-10-2013,512
25-10-2014,366
25-10-2015,305
25-11-2005,673
25-11-2006,513
25-11-2008,613
25-11-2010,470
25-11-2012,309
25-11-2014,510
25-12-2005,199
25-12-2006,175
25-12-2008,118
25-12-2010,168
25-12-2012,144
25-12-2014,128
26-01-2006,510
26-01-2008,400
26-01-2010,383
26-01-2012,432
26-01-2014,240
26-02-2005,500
26-02-2006,326
26-02-2007,449
26-02-2008,499
26-02-2010,471
26-02-2011,370
26-02-2012,228
26-02-2014,428
26-03-2006,408
26-03-2008,442
26-03-2010,506
26-03-2012,485
26-03-2014,381
26-04-2005,577
26-04-2007,506
26-04-2008,477
26-04-2010,443
26-04-2012,426
26-04-2014,329
26-05-2005,586
26-05-2007,513
26-05-2008,360
26-05-2009,469
26-05-2010,441
26-05-2011,473
26-05-2012,527
26-05-2014,299
26-06-2005,457
26-06-2007,490
26-06-2009,523
26-06-2011,439
26-06-2013,384
26-06-2015,462
26-07-2005,471
26-07-2007,558
26-07-2009,307
26-07-2011,410
26-07-2013,485
26-07-2015,359
26-08-2006,455
26-08-2007,431
26-08-2008,421
26-08-2010,500
26-08-2011,550
26-08-2012,271
26-08-2013,334
26-08-2015,407
26-09-2006,567
26-09-2008,577
26-09-2010,342
26-09-2012,493
26-09-2014,434
26-09-2015,369
26-10-2006,542
26-10-2008,391
26-10-2010,500
26-10-2012,431
26-10-2014,268
26-11-2005,533
26-11-2006,412
26-11-2007,500
26-11-2009,519
26-11-2010,571
26-11-2012,464
26-11-2014,481
26-12-2005,312
26-12-2007,256
26-12-2009,224
26-12-2010,213
26-12-2011,164
26-12-2012,219
26-12-2014,265
27-01-2005,607
27-01-2006,650
27-01-2007,514
27-01-2008,358
27-01-2010,409
27-01-2012,535
27-01-2014,428
27-02-2005,369
27-02-2007,485
27-02-2008,467
27-02-2009,475
27-02-2011,292
27-02-2012,357
27-02-2013,403
27-02-2014,420
27-02-2015,435
27-03-2005,334
27-03-2006,502
27-03-2007,521
27-03-2008,475
27-03-2010,372
27-03-2012,502
27-03-2014,425
27-04-2005,665
27-04-2007,526
27-04-2009,559
27-04-2011,476
27-04-2012,460
27-04-2013,352
27-04-2014,293
27-05-2005,671
27-05-2007,521
27-05-2009,375
27-05-2011,448
27-05-2013,300
27-05-2015,348
27-06-2006,448
27-06-2007,522
27-06-2009,435
27-06-2011,472
27-06-2013,480
27-06-2015,364
27-07-2006,510
27-07-2007,494
27-07-2008,450
27-07-2011,410
27-07-2013,360
27-07-2015,391
27-08-2006,414
27-08-2008,397
27-08-2010,436
27-08-2011,395
27-08-2012,272
27-08-2014,353
27-08-2015,377
27-09-2005,590
27-09-2006,487
27-09-2008,502
27-09-2010,467
27-09-2012,455
27-09-2014,351
27-10-2005,675
27-10-2006,610
27-10-2010,467
27-10-2012,450
27-10-2014,393
27-11-2005,439
27-11-2007,548
27-11-2009,621
27-11-2011,290
27-11-2013,509
27-11-2014,423
27-11-2015,492
27-12-2005,408
27-12-2007,286
27-12-2009,236
27-12-2011,221
27-12-2013,234
27-12-2015,259
28-01-2005,650
28-01-2007,344
28-01-2008,458
28-01-2009,498
28-01-2010,409
28-01-2011,469
28-01-2012,390
28-01-2014,416
28-02-2005,540
28-02-2007,506
28-02-2009,325
28-02-2011,377
28-02-2012,422
28-02-2013,407
28-02-2015,327
28-03-2005,391
28-03-2007,457
28-03-2009,416
28-03-2010,315
28-03-2011,384
28-03-2012,493
28-03-2014,411
28-04-2005,504
28-04-2007,469
28-04-2009,427
28-04-2011,492
28-04-2013,235
28-04-2015,439
28-05-2005,518
28-05-2007,442
28-05-2009,425
28-05-2011,344
28-05-2013,370
28-05-2015,361
28-06-2006,557
28-06-2007,514
28-06-2008,393
28-06-2010,516
28-06-2011,402
28-06-2013,540
28-06-2015,304
28-07-2006,580
28-07-2007,483
28-07-2008,445
28-07-2010,456
28-07-2011,394
28-07-2012,389
28-07-2014,376
28-07-2015,357
28-08-2005,423
28-08-2006,416
28-08-2008,441
28-08-2010,424
28-08-2012,449
28-08-2014,400
28-09-2005,656
28-09-2006,527
28-09-2007,679
28-09-2009,396
28-09-2010,424
28-09-2012,469
28-09-2014,297
28-10-2005,649
28-10-2007,491
28-10-2009,475
28-10-2010,401
28-10-2011,538
28-10-2014,491
28-11-2005,647
28-11-2007,592
28-11-2009,507
28-11-2011,413
28-11-2013,493
28-11-2015,413
28-12-2005,361
28-12-2007,328
28-12-2009,269
28-12-2011,268
28-12-2013,251
28-12-2015,202
29-01-2005,528
29-01-2007,561
29-01-2009,370
29-01-2011,319
29-01-2012,258
29-01-2013,383
29-01-2015,473
29-03-2005,452
29-03-2007,503
29-03-2009,340
29-03-2011,406
29-03-2013,288
29-03-2015,245
29-04-2005,716
29-04-2006,500
29-04-2007,373
29-04-2009,481
29-04-2011,290
29-04-2013,392
29-04-2015,411
29-05-2006,359
29-05-2007,529
29-05-2009,524
29-05-2011,285
29-05-2013,322
29-05-2015,370
29-06-2006,548
29-06-2008,377
29-06-2010,496
29-06-2011,456
29-06-2012,437
29-06-2014,332
29-06-2015,427
29-07-2006,497
29-07-2008,494
29-07-2010,434
29-07-2012,336
29-07-2014,423
29-07-2015,381
29-08-2005,477
29-08-2006,547
29-08-2009,402
29-08-2010,361
29-08-2012,387
29-08-2014,436
29-09-2005,612
29-09-2007,492
29-09-2009,495
29-09-2010,597
29-09-2011,582
29-09-2013,295
29-09-2014,398
29-10-2005,502
29-10-2007,610
29-10-2009,409
29-10-2011,382
29-10-2013,432
29-10-2014,432
29-10-2015,444
29-11-2005,641
29-11-2007,611
29-11-2008,426
29-11-2009,437
29-11-2011,494
29-11-2013,501
29-11-2015,302
29-12-2005,292
29-12-2006,349
29-12-2007,316
29-12-2008,265
29-12-2009,266
29-12-2011,254
29-12-2013,295
29-12-2015,301
30-01-2005,398
30-01-2007,497
30-01-2009,477
30-01-2011,255
30-01-2013,348
30-01-2015,469
30-03-2005,478
30-03-2007,509
30-03-2009,381
30-03-2011,454
30-03-2013,264
30-03-2015,336
30-04-2006,365
30-04-2007,568
30-04-2008,486
30-04-2010,530
30-04-2011,399
30-04-2013,390
30-04-2015,411
30-05-2006,514
30-05-2007,492
30-05-2008,435
30-05-2010,357
30-05-2011,355
30-05-2012,492
30-05-2014,355
30-05-2015,334
30-06-2005,605
30-06-2006,625
30-06-2008,465
30-06-2010,451
30-06-2012,386
30-06-2014,395
30-06-2015,499
30-07-2005,527
30-07-2006,430
30-07-2008,440
30-07-2009,449
30-07-2010,474
30-07-2012,411
30-07-2014,425
30-08-2005,576
30-08-2007,422
30-08-2009,334
30-08-2010,367
30-08-2013,407
30-08-2014,317
30-09-2005,749
30-09-2007,345
30-09-2009,476
30-09-2011,552
30-09-2013,399
30-09-2015,488
30-10-2005,469
30-10-2007,529
30-10-2008,502
30-10-2009,476
30-10-2011,328
30-10-2013,445
30-10-2015,443
30-11-2006,517
30-11-2008,348
30-11-2009,569
30-11-2010,409
30-11-2011,468
30-11-2012,532
30-11-2013,386
30-11-2015,473
30-12-2006,347
30-12-2008,312
30-12-2010,186
30-12-2011,326
30-12-2012,213
30-12-2013,242
30-12-2014,277
30-12-2015,270
31-01-2005,569
31-01-2006,564
31-01-2007,697
31-01-2009,412
31-01-2011,444
31-01-2013,393
31-01-2015,334
31-03-2005,402
31-03-2006,601
31-03-2007,457
31-03-2008,425
31-03-2009,403
31-03-2011,500
31-03-2013,202
31-03-2015,376
31-05-2006,505
31-05-2008,415
31-05-2010,291
31-05-2012,440
31-05-2014,342
31-05-2015,277
31-07-2005,438
31-07-2006,593
31-07-2009,524
31-07-2010,422
31-07-2012,386
31-07-2013,384
31-07-2014,395
31-08-2005,556
31-08-2007,474
31-08-2009,325
31-08-2011,346
31-08-2013,373
31-08-2014,352
31-08-2015,303
31-10-2005,572
31-10-2006,582
31-10-2008,633
31-10-2009,519
31-10-2011,475
31-10-2012,463
31-10-2013,393
31-10-2015,364
31-12-2006,253
31-12-2008,268
31-12-2010,205
31-12-2012,257
31-12-2014,223
31-12-2015,323
